mAP50,mAP50-95,Precision,Recall
0.7840040610214154,0.47999354059702937,0.8532126523869525,0.728616687605993
