mAP50,mAP50-95,Precision,Recall
0.8455081753056604,0.5343726761780465,0.928342196452487,0.7910568483147031
